{"learning_rate": 0.09644195718263418, "num_leaves": 98, "max_depth": 52, "num_iteration": 174, "min_data_in_leaf": 13, "lambda_l1": 0.8238751186164515, "lambda_l2": 0.9398444016516003}