{"learning_rate": 0.09327696779075605, "num_leaves": 100, "max_depth": 43, "num_iteration": 123, "min_data_in_leaf": 28, "lambda_l1": 0.36340360786478104, "lambda_l2": 0.45777723187567815}