{"learning_rate": 0.09324159025191903, "num_leaves": 100, "max_depth": 66, "num_iteration": 131, "min_data_in_leaf": 31, "lambda_l1": 0.06625678797157643, "lambda_l2": 0.8486512409888851}