{"learning_rate": 0.07038629869113383, "num_leaves": 97, "max_depth": 71, "num_iteration": 158, "min_data_in_leaf": 35, "lambda_l1": 0.035185755808706656, "lambda_l2": 0.8657801509275834}