{"learning_rate": 0.0835646319178664, "num_leaves": 96, "max_depth": 58, "num_iteration": 184, "min_data_in_leaf": 11, "lambda_l1": 0.03846281309406108, "lambda_l2": 0.9671376114381842}