{"learning_rate": 0.04868286345100975, "num_leaves": 21, "max_depth": 70, "num_iteration": 175, "min_data_in_leaf": 50, "lambda_l1": 0.2056363856594028, "lambda_l2": 0.4850539020836059}