{"learning_rate": 0.07801175099218412, "num_leaves": 96, "max_depth": 39, "num_iteration": 148, "min_data_in_leaf": 14, "lambda_l1": 0.5650695784298401, "lambda_l2": 0.1525143403003351}