{"learning_rate": 0.06810389797440353, "num_leaves": 95, "max_depth": 51, "num_iteration": 190, "min_data_in_leaf": 39, "lambda_l1": 0.059430024120133734, "lambda_l2": 0.1310832779270378}