{"learning_rate": 0.07019148683826647, "num_leaves": 49, "max_depth": 46, "num_iteration": 175, "min_data_in_leaf": 43, "lambda_l1": 0.8302427574781652, "lambda_l2": 0.14149293177207145}