{"learning_rate": 0.06571261253516983, "num_leaves": 97, "max_depth": 26, "num_iteration": 192, "min_data_in_leaf": 12, "lambda_l1": 0.9087368147023481, "lambda_l2": 0.2465314636863853}