{"learning_rate": 0.05012975443002986, "num_leaves": 42, "max_depth": 60, "num_iteration": 192, "min_data_in_leaf": 46, "lambda_l1": 0.7167453762508266, "lambda_l2": 0.5665243546761431}