{"learning_rate": 0.09821366746116501, "num_leaves": 98, "max_depth": 71, "num_iteration": 154, "min_data_in_leaf": 50, "lambda_l1": 0.5908324061710764, "lambda_l2": 0.43123348957412116}