{"learning_rate": 0.05911048600203098, "num_leaves": 100, "max_depth": 18, "num_iteration": 167, "min_data_in_leaf": 13, "lambda_l1": 0.06827162118955275, "lambda_l2": 0.5607752417813985}