{"learning_rate": 0.07521231140405839, "num_leaves": 92, "max_depth": 93, "num_iteration": 171, "min_data_in_leaf": 39, "lambda_l1": 0.05617789927256768, "lambda_l2": 0.8392638063705623}