{"learning_rate": 0.0751482236799762, "num_leaves": 99, "max_depth": 85, "num_iteration": 196, "min_data_in_leaf": 1, "lambda_l1": 0.8998480241718252, "lambda_l2": 0.35018780925652265}