{"learning_rate": 0.06519733718508615, "num_leaves": 75, "max_depth": 33, "num_iteration": 166, "min_data_in_leaf": 29, "lambda_l1": 0.0915375287850526, "lambda_l2": 0.736625863171614}